{
  "title": "Warzone BR Training • Normal",
  "blocks": [
    {"name": "Разогрев 5 мин", "steps": ["2 мин flick", "3 мин tracking"]},
    {"name": "Рекойл 10 мин", "steps": ["3 паттерна на стене", "контроль на средней дистанции"]},
    {"name": "Мувмент 10 мин", "steps": ["slide-cancel (если доступно в твоей версии)", "jump-peek", "centering"]},
    {"name": "Матч 1", "steps": ["цель: жить дольше, пикать с укрытия", "после — короткий разбор ошибок"]}
  ]
}
