{
  "title": "Warzone BR Training • Demon",
  "blocks": [
    {"name": "Механика 10 мин", "steps": ["tracking 6 мин", "target switching 4 мин"]},
    {"name": "Шот-калл 10 мин", "steps": ["почему вхожу/почему выхожу", "как добиваю", "как меняю высоту"]},
    {"name": "Давление 20 мин", "steps": ["агрессивные пики", "ресеты", "2v1 решения"]},
    {"name": "Матчи 3", "steps": ["цель: темп+контроль", "после — 3 ошибки и 1 фикс на завтра"]}
  ]
}
