{
  "title": "Warzone BR Training • Pro",
  "blocks": [
    {"name": "Разогрев 7 мин", "steps": ["tracking 4 мин", "micro-flick 3 мин"]},
    {"name": "Позиционка 12 мин", "steps": ["headglitch точки", "углы/префайр", "тайминги вращения зоны"]},
    {"name": "Дуэли 15 мин", "steps": ["1v1 close", "1v1 mid", "контроль камеры+стрейф"]},
    {"name": "Матч 2", "steps": ["цель: 3 осознанных энгажмента", "после — что сработало/что нет"]}
  ]
}
