{
  "title": "Warzone BR • Xbox • Pro",
  "last_updated": "2025-12-11",
  "source": "Dexerto (Sep 5 2025) + Esports Insider (Dec 11 2025)",
  "settings": {
    "aiming": {
      "aim_assist": "On",
      "aim_assist_type": "Standard / Default",
      "response_curve": "Dynamic",
      "ads_transition": "Instant",
      "custom_ads_per_zoom": true,
      "ads_low_zoom_multiplier": 0.80,
      "ads_high_zoom_multiplier": 0.95
    },
    "controller": {
      "vibration": "Off",
      "deadzone_left_min": 0.01,
      "deadzone_right_min": 0.01,
      "deadzone_left_max": 0.99,
      "deadzone_right_max": 0.99
    },
    "view": {
      "fov": 115,
      "ads_fov": "Affected",
      "weapon_fov": "Wide"
    }
  }
}
